run,time_total
1,0.016213
2,0.005361
3,0.005575
4,0.003291
5,0.002687
6,0.002802
7,0.002535
8,0.010960
9,0.008777
10,0.009241
11,0.008422
12,0.006351
13,0.002789
14,0.002761
15,0.002761
16,0.003006
17,0.004213
18,0.003655
19,0.003696
20,0.003818
21,0.005159
22,0.003683
23,0.003424
24,0.003565
25,0.003742
26,0.005859
27,0.004048
28,0.003814
29,0.003903
30,0.003724
