run,time_total
1,0.004332
2,0.020376
3,0.004192
4,0.003560
5,0.003388
6,0.004200
7,0.004051
8,0.003758
9,0.004366
10,0.003417
11,0.004092
12,0.003475
13,0.004427
14,0.003480
15,0.003284
16,0.003182
17,0.004018
18,0.003045
19,0.003410
20,0.003588
21,0.004672
22,0.003150
23,0.003009
24,0.003033
25,0.004047
26,0.007566
27,0.002993
28,0.002582
29,0.003064
30,0.003024
